Almost everything will work again if you unplug it for a few minutes, including you.	Anne Lamott
Rest is not idleness, and to lie sometimes on the grass under trees on a summer's day, listening to the murmur of the water, or watching the clouds float across the sky, is by no means a waste of time.	John Lubbock
The time to relax is when you don't have time for it.	Sydney J. Harris
Sometimes the most productive thing you can do is relax.	Mark Black
Take rest; a field that has rested gives a bountiful crop.	Ovid
Tension is who you think you should be. Relaxation is who you are.	Chinese Proverb
Sleep is the best meditation.	Dalai Lama
If you can't change your fate, change your attitude.	Amy Tan
The mind is like a parachute — it works best when it's open.	Frank Zappa
What seems to us as bitter trials are often blessings in disguise.	Oscar Wilde
You should sit in nature for 20 minutes a day. Unless you're busy, then you should sit for an hour.	Zen Proverb
In the midst of movement and chaos, keep stillness inside of you.	Deepak Chopra
The greatest weapon against stress is our ability to choose one thought over another.	William James
A calm mind brings inner strength and self-confidence, so that's very important for good health.	Dalai Lama
Time you enjoy wasting was not wasted.	John Lennon
Give yourself a break. Stop and rest. Your mind will thank you.	Unknown
Do not confuse motion and progress. A rocking horse keeps moving but does not make any progress.	Alfred A. Montapert
The tree that is unbending is easily broken.	Lao Tzu
There is virtue in work and there is virtue in rest. Use both and overlook neither.	Alan Cohen
Relaxation is a form of meditation, and in the quiet of the mind, we find the solution to our problems.	Unknown
The soul always knows what to do to heal itself. The challenge is to silence the mind.	Caroline Myss
Stress is caused by being 'here' but wanting to be 'there.'	Eckhart Tolle
Now and then it's good to pause in our pursuit of happiness and just be happy.	Guillaume Apollinaire
Rest when you're weary. Refresh and renew yourself, your body, your mind, your spirit. Then get back to work.	Ralph Marston
It is not a luxury to rest. It is a necessity.	Unknown
Within you, there is a stillness and a sanctuary to which you can retreat at any time.	Hermann Hesse
Almost everything comes from nothing.	Henri-Frédéric Amiel
There is a certain kind of peace that comes from stepping away from the noise.	Unknown
If you get tired, learn to rest, not to quit.	Banksy
For fast-acting relief, try slowing down.	Lily Tomlin
The mind is not a vessel to be filled, but a fire to be kindled.	Plutarch
Rest and self-care are so important. When you take time to replenish your spirit, it allows you to serve others from the overflow.	Eleanor Brown
Breathe. Let go. And remind yourself that this very moment is the only one you know you have for sure.	Oprah Winfrey
Nothing can bring you peace but yourself.	Ralph Waldo Emerson
In the pause between thoughts, there is peace.	Unknown
The more you are motivated by love, the more fearless and free your action will be.	Dalai Lama
A step backward after making a wrong turn is a step in the right direction.	Kurt Vonnegut
Your mind will answer most questions if you learn to relax and wait for the answer.	William S. Burroughs
Every now and then go away, have a little relaxation, for when you come back to your work your judgment will be surer.	Leonardo da Vinci
Peace is not the absence of noise, trouble, or hard work. It is to be in the midst of those things and still be calm in your heart.	Unknown
The ability to be in the present moment is a major component of mental wellness.	Abraham Maslow
Slowing down is not a luxury, it's a necessity for a well-lived life.	Unknown
You don't have to be positive all the time. It's perfectly okay to feel sad, angry, annoyed, frustrated, scared, or anxious. Having feelings doesn't make you a negative person. It makes you human.	Lori Deschene
The best way to capture moments is to pay attention. This is how we cultivate mindfulness.	Jon Kabat-Zinn
Don't underestimate the value of doing nothing.	A. A. Milne
The pause between notes is what makes the music.	Unknown
Sometimes you need to step outside, get some air, and remind yourself of who you are and who you want to be.	Unknown
What lies behind us and what lies before us are tiny matters compared to what lies within us.	Ralph Waldo Emerson
All of humanity's problems stem from man's inability to sit quietly in a room alone.	Blaise Pascal
In the middle of difficulty lies opportunity.	Albert Einstein
To sit with the stillness of your own heart is the greatest gift you can give yourself.	Unknown
Sometime the most urgent thing you can possibly do is take a complete rest.	Ashleigh Brilliant
When you recover or discover something that nourishes your soul and brings joy, care enough about yourself to make room for it.	Jean Shinoda Bolen
Take a deep breath. It's just a bad day, not a bad life.	Unknown
You can't pour from an empty cup. Take care of yourself first.	Unknown
Let yourself be drawn by the stronger pull of that which you truly love.	Rumi
Worrying is like paying a debt you don't owe.	Mark Twain
The quieter you become, the more you can hear.	Ram Dass
Between stimulus and response there is a space. In that space is our power to choose our response. In our response lies our growth and our freedom.	Viktor Frankl
Nature does not hurry, yet everything is accomplished.	Lao Tzu
Be gentle with yourself. You are a child of the universe, no less than the trees and the stars.	Max Ehrmann
Your calm mind is the ultimate weapon against your challenges.	Bryant McGill
The mind is like water. When it's turbulent, it's difficult to see. When it's calm, everything becomes clear.	Prasad Mahes
Burnout is nature's way of telling you you've been going through the motions when your soul has departed.	Unknown
If you want to be creative, you have to rest and let your mind wander.	Unknown
Some of the most beautiful things in the world come from silence.	Unknown
Step outside. The air is still there, waiting for you.	Unknown
There's no need to fix everything. Sometimes just breathing is enough.	Unknown
Pause and remember: you are exactly where you need to be.	Unknown
Joy is not in things; it is in us.	Richard Wagner
Think of all the beauty still left around you and be happy.	Anne Frank
The sun is a daily reminder that we too can rise again from the darkness, that we too can shine.	S. Ajna
Be where you are, not where you think you should be.	Unknown
The best time to plant a tree was 20 years ago. The second best time is now.	Chinese Proverb
A seed grows with no sound, but a tree falls with a huge noise. Destruction has noise, but creation is quiet.	Unknown
Stillness is not about focusing on nothingness; it's about creating a clear space in which you can think.	Unknown
Sometimes, to stay alive, you have to kill the version of yourself that's trying to do everything.	Unknown
Not all those who wander are lost.	J. R. R. Tolkien
The most precious gift we can offer others is our presence. When mindfulness embraces those we love, they will bloom like flowers.	Thich Nhat Hanh
If you're overwhelmed, start small. Take a breath. Drink water. The rest will follow.	Unknown
Don't let your mind bully your body into believing it must carry the burden of its worries.	Astrid Alauda
An empty lantern provides no light. Rest is not a waste of time. It is fuel for the soul.	Unknown
Every breath we take, every step we make, is filled with peace and joy.	Thich Nhat Hanh
You are allowed to be both a masterpiece and a work in progress, simultaneously.	Sophia Bush
The act of resting is the act of reclaiming yourself.	Unknown
Turn your face to the sun and the shadows fall behind you.	Maori Proverb
This moment is the only moment that exists. Be here now.	Ram Dass
It does not matter how slowly you go as long as you do not stop.	Confucius
You are not your productivity. Your worth is not measured by what you produce.	Unknown
The magic you are looking for is in the work you are avoiding.	Unknown
Nothing can dim the light that shines from within.	Maya Angelou
The body achieves what the mind believes.	Napoleon Hill
We are what we repeatedly do. Excellence, then, is not an act, but a habit.	Aristotle
Courage doesn't always roar. Sometimes courage is the little voice at the end of the day that says, 'I'll try again tomorrow.'	Mary Anne Radmacher
To keep a lamp burning, we have to keep putting oil in it.	Mother Teresa
Nearly every great discovery came from someone who was taking a break from what they were supposed to be doing.	Unknown
Life moves pretty fast. If you don't stop and look around once in a while, you could miss it.	Ferris Bueller
If you want to go fast, go alone. If you want to go far, go together.	African Proverb
In the middle of the ordinary, there is always something extraordinary.	Unknown
You have been criticizing yourself for years, and it hasn't worked. Try approving of yourself and see what happens.	Louise Hay
